ID Action,Axe,Objectif stratťgique,Action originale,Chantier suggťrť,Confiance,Raison,Action rťťcrite
A1-OS1-a,Axe 1 : Plateformes numťriques et gouvernance,Favoriser l'acceptabilitť sociale de l'utilisation des donnťes de santť dans un contexte de recherche,Rťdiger un manifeste en faveur de l'accŤs aux donnťes,Influence & Reprťsentation,CLAIR,Manifeste = document d'influence politique,
A1-OS1-b,Axe 1 : Plateformes numťriques et gouvernance,Favoriser l'acceptabilitť sociale de l'utilisation des donnťes de santť dans un contexte de recherche,Produire un document annexe mettant de l'avant les bťnťfices et les manques ŗ gagner (use case),Guides & Outils,CLAIR,Document annexe avec use cases = guide/outil,
A1-OS1-c,Axe 1 : Plateformes numťriques et gouvernance,Favoriser l'acceptabilitť sociale de l'utilisation des donnťes de santť dans un contexte de recherche,Former un comitť de patients et usagers sur l'acceptabilitť sociale qui intŤgre des reprťsentants des PremiŤres Nations et communautťs minoritaires,Concertation & Maillage,CLAIR,Former un comitť = crťer une structure de concertation,
A1-OS2-a,Axe 1 : Plateformes numťriques et gouvernance,"Soutenir les plateformes numťriques et favoriser leur alignement sur les plans technique, ťthique et de gestion",Lancer une table de concertation entre les plateformes,Concertation & Maillage,CLAIR,Table de concertation = maillage,
A1-OS2-b,Axe 1 : Plateformes numťriques et gouvernance,"Soutenir les plateformes numťriques et favoriser leur alignement sur les plans technique, ťthique et de gestion",Cartographier les actifs informationnels et les expertises,Rťpertoires & Cartographie,CLAIR,Cartographie = rťpertoire,
A1-OS2-c,Axe 1 : Plateformes numťriques et gouvernance,"Soutenir les plateformes numťriques et favoriser leur alignement sur les plans technique, ťthique et de gestion","S'arrimer aux initiatives et communautťs de pratiques existantes (MSSS, etc.)",Concertation & Maillage,CLAIR,S'arrimer = maillage avec partenaires,
A1-OS3-a,Axe 1 : Plateformes numťriques et gouvernance,Reprťsenter les besoins de la communautť des chercheurs en matiŤre de gouvernance de l'information et influencer les dťcisions gouvernementales,Se joindre aux comitťs sur le DSN et aux instances de Santť Quťbec pour pousser les enjeux recherche,Influence & Reprťsentation,CLAIR,Rejoindre comitťs gouvernementaux = influence,
A1-OS3-b,Axe 1 : Plateformes numťriques et gouvernance,Reprťsenter les besoins de la communautť des chercheurs en matiŤre de gouvernance de l'information et influencer les dťcisions gouvernementales,Table inter-axes de concertation en gouvernance informationnelle,Concertation & Maillage,CLAIR,Table inter-axes = concertation interne,
A1-OS3-c,Axe 1 : Plateformes numťriques et gouvernance,Reprťsenter les besoins de la communautť des chercheurs en matiŤre de gouvernance de l'information et influencer les dťcisions gouvernementales,Partage des cadres de gestion et des modŤles d'entente,Guides & Outils,MOYEN,"Partage de cadres = ressources/guides, mais flou sur le format",Produire un guide compilant les cadres de gestion et modŤles d'entente
A2-OS1-a,Axe 2 : Modťlisation et mťthodes numťriques,Faciliter le maillage entre les mťthodologistes et la formation de la relŤve,Effectuer une cartographie des diffťrents champs d'expertise,Rťpertoires & Cartographie,CLAIR,Cartographie des expertises = rťpertoire,
A2-OS1-b,Axe 2 : Modťlisation et mťthodes numťriques,Faciliter le maillage entre les mťthodologistes et la formation de la relŤve,Lancer une communautť de pratique des mťthodologistes (ex. midi-confťrences),Concertation & Maillage,MOYEN,"Est-ce que le point important ici est la concertaion des membres  (= maillage) ou bien le fait de lancer des midis confťence ? (=rayonnement), peut-Ítre ŗ sťparer en deux actions",
A2-OS2-a,Axe 2 : Modťlisation et mťthodes numťriques,Colliger et harmoniser les bonnes pratiques et les rendre accessibles,…tablir un guide/template standard pour encadrer l'harmonisation des bonnes pratiques en mťthodologie,Guides & Outils,CLAIR,Guide/template = outil prescriptif,
A2-OS2-b,Axe 2 : Modťlisation et mťthodes numťriques,Colliger et harmoniser les bonnes pratiques et les rendre accessibles,Identifier les bonnes pratiques ŗ formaliser pour la communautť et produire les guides associťs,Guides & Outils,CLAIR,Produire des guides = guides,
A2-OS2-c,Axe 2 : Modťlisation et mťthodes numťriques,Colliger et harmoniser les bonnes pratiques et les rendre accessibles,Assurer l'offre de ressources en franÁais,Guides & Outils,MOYEN,Assurer l'offre en franÁais est flou,Traduire et adapter les guides mťthodologiques existants en franÁais
A2-OS3-a,Axe 2 : Modťlisation et mťthodes numťriques,Connecter les mťthodologistes aux utilisateurs de connaissances,Organiser des journal clubs pour le partage des connaissances scientifiques,…vťnements & Rayonnement,CLAIR,Journal clubs = ťvťnements rťcurrents,
A2-OS3-b,Axe 2 : Modťlisation et mťthodes numťriques,Connecter les mťthodologistes aux utilisateurs de connaissances,Organiser des activitťs avec des partenaires (ex. IVADO et son axe Santť),…vťnements & Rayonnement,CLAIR,Organiser des activitťs = ťvťnements,
A3-OS1-a,Axe 3 : Interventions numťriques,…tablir et diffuser les meilleures pratiques de gestion de projet en matiŤre d'interventions numťriques en santť,"Effectuer une cartographie des meilleures pratiques, mťthodes et standards en matiŤre de conception, gestion et ťvaluation des interventions numťriques en santť",Rťpertoires & Cartographie,CLAIR,Cartographie des pratiques = rťpertoire,
A3-OS1-b,Axe 3 : Interventions numťriques,…tablir et diffuser les meilleures pratiques de gestion de projet en matiŤre d'interventions numťriques en santť,Identifier des problŤmes communs rencontrťs par les chercheurs et choisir des projets pilotes pour intervenir ensemble,Consultation & …coute,MOYEN,Identifier des problŤmes = consultation,Consulter les chercheurs pour identifier les problŤmes communs
A3-OS1-c,Axe 3 : Interventions numťriques,…tablir et diffuser les meilleures pratiques de gestion de projet en matiŤre d'interventions numťriques en santť,Effectuer une cartographie des living labs dans les milieux preneurs du Quťbec et recenser les apprentissages dťveloppťs,Rťpertoires & Cartographie,CLAIR,Cartographie des living labs = rťpertoire,
A3-OS2-a,Axe 3 : Interventions numťriques,Favoriser le rapprochement entre les chercheurs et les milieux preneurs pour optimiser l'accompagnement et le transfert de connaissances,Organiser une table de concertation pour rťunir les membres de la communautť de la recherche et des milieux preneurs autour d'objectifs communs,Concertation & Maillage,CLAIR,Table de concertation = maillage,
A3-OS2-b,Axe 3 : Interventions numťriques,Favoriser le rapprochement entre les chercheurs et les milieux preneurs pour optimiser l'accompagnement et le transfert de connaissances,Identifier des ambassadeurs dans le RSN pour se connecter aux autres rťseaux et connaÓtre leurs besoins,Concertation & Maillage,MOYEN,"Identifier des ambassadeurs = maillage, mais flou",Recruter des ambassadeurs RSN pour crťer des ponts avec les autres rťseaux
A3-OS3-a,Axe 3 : Interventions numťriques,Accťlťrer la collaboration entre chercheurs et dťveloppeurs d'interventions numťriques pour favoriser l'adťquation aux besoins des parties prenantes,"Lancer une consultation pour identifier les enjeux et opportunitťs actuels autour des dťveloppements technologiques (DME, DSN, etc.) pour proposer des interventions",Consultation & …coute,CLAIR,Consultation = ťcoute des besoins,
A3-OS3-b,Axe 3 : Interventions numťriques,Accťlťrer la collaboration entre chercheurs et dťveloppeurs d'interventions numťriques pour favoriser l'adťquation aux besoins des parties prenantes,Organiser des ťvťnements en partenariat avec l'industrie sur le sujet de la santť numťrique,…vťnements & Rayonnement,CLAIR,…vťnements avec industrie = rayonnement,
A4-OS1-a,Axe 4 : Transformation numťrique,Aviser les organisations ŗ une gestion efficace du numťrique et de ses tensions,"Cartographier les initiatives, formations et projets existants dans l'ťcosystŤme au Quťbec et en-dehors",Rťpertoires & Cartographie,CLAIR,Cartographie = rťpertoire,
A4-OS1-b,Axe 4 : Transformation numťrique,Aviser les organisations ŗ une gestion efficace du numťrique et de ses tensions,Former la communautť de recherche ŗ la vulgarisation des connaissances scientifiques,Formation & RelŤve,CLAIR,Former la communautť = formation,
A4-OS1-c,Axe 4 : Transformation numťrique,Aviser les organisations ŗ une gestion efficace du numťrique et de ses tensions,Organiser des ateliers de travail et de consultation pour prendre connaissance des prioritťs et des besoins,Consultation & …coute,CLAIR,Ateliers de consultation = ťcoute,
A4-OS2-a,Axe 4 : Transformation numťrique,Alimenter la rťflexion autour des politiques publiques pour favoriser une transformation numťrique basťe sur des ťvidences scientifiques,Mobiliser les experts de l'axe aux compťtences diverses et complťmentaires,Concertation & Maillage,FAIBLE,'Mobiliser les experts' est trŤs flou - pour faire quoi?,ņ CLARIFIER: Quel est le livrable attendu?
A4-OS2-b,Axe 4 : Transformation numťrique,Alimenter la rťflexion autour des politiques publiques pour favoriser une transformation numťrique basťe sur des ťvidences scientifiques,Mettre en place une table de concertation sur la gouvernance et le changement organisationnel,Concertation & Maillage,CLAIR,Table de concertation = maillage,
A4-OS2-c,Axe 4 : Transformation numťrique,Alimenter la rťflexion autour des politiques publiques pour favoriser une transformation numťrique basťe sur des ťvidences scientifiques,…clairer la dťcision publique en lien avec la mise en oeuvre des interventions numťriques (telles que le DSN),Influence & Reprťsentation,CLAIR,…clairer la dťcision publique = influence,
A4-OS3-a,Axe 4 : Transformation numťrique,"Outiller les chercheurs, gestionnaires et patients pour comprendre les nouveaux cadres en lien avec le numťrique en santť",Prendre contact avec des experts en vulgarisation juridique (i.e. Educaloi),Concertation & Maillage,CLAIR,Prendre contact avec experts = maillage,
A4-OS3-b,Axe 4 : Transformation numťrique,"Outiller les chercheurs, gestionnaires et patients pour comprendre les nouveaux cadres en lien avec le numťrique en santť",Rťunir les formations et ressources sur les lois 5 et 25,Rťpertoires & Cartographie,CLAIR,Rťunir les formations et ressources = rťpertoire,
CA-FORM-OS1-a,Champ d'action : Formation interdisciplinaire,Promouvoir le dťveloppement d'une formation interdisciplinaire en santť numťrique,"Soutien aux ťvťnements de formation (Digital Health, McGill Workshop, Math for Health et autres avec des organisations telles que l'IVADO)",…vťnements & Rayonnement,MOYEN,'Soutien aux ťvťnements' est flou,Contribuer ŗ l'organisation des ťvťnements de formation
CA-FORM-OS1-b,Champ d'action : Formation interdisciplinaire,Promouvoir le dťveloppement d'une formation interdisciplinaire en santť numťrique,Effectuer une analyse du paysage de la formation,Rťpertoires & Cartographie,CLAIR,Analyse du paysage = cartographie,
CA-FORM-OS1-c,Champ d'action : Formation interdisciplinaire,Promouvoir le dťveloppement d'une formation interdisciplinaire en santť numťrique,Effectuer une analyse des lacunes,Consultation & …coute,MOYEN,Analyse des lacunes implique consultation,Identifier les lacunes via analyse et consultation
CA-FORM-OS2-a,Champ d'action : Formation interdisciplinaire,Soutenir la formation de la prochaine gťnťration par l'acquisition de connaissances et la pratique,"Mise en place d'une consultation sur les besoins des ťtudiants (comitť, enquÍte, ťvťnements)",Consultation & …coute,CLAIR,Consultation sur les besoins = ťcoute,
CA-FORM-OS2-b,Champ d'action : Formation interdisciplinaire,Soutenir la formation de la prochaine gťnťration par l'acquisition de connaissances et la pratique,Soutien aux manifestations ťtudiantes sur la santť numťrique,…vťnements & Rayonnement,MOYEN,'Soutien aux manifestations' est flou,Contribuer ŗ l'organisation des ťvťnements ťtudiants
CA-FORM-OS3-a,Champ d'action : Formation interdisciplinaire,Faciliter l'accŤs des chercheurs aux formations existantes,Inventaire des programmes de formation existants et catťgorisation,Rťpertoires & Cartographie,CLAIR,Inventaire = rťpertoire,
CA-FORM-OS3-b,Champ d'action : Formation interdisciplinaire,Faciliter l'accŤs des chercheurs aux formations existantes,"Mettre en place une consultation sur les besoins des chercheurs (comitť, enquÍte, ťvťnements)",Consultation & …coute,CLAIR,Consultation = ťcoute,
CA-MOB-OS1-a,Champ d'action : Mobilisation des connaissances,Soutenir et faciliter l'ťchange intersectoriel de connaissances et promouvoir les collaborations,…tablir des rťunions interdisciplinaires rťguliŤres,Concertation & Maillage,CLAIR,Rťunions interdisciplinaires = maillage,
CA-MOB-OS1-b,Champ d'action : Mobilisation des connaissances,Soutenir et faciliter l'ťchange intersectoriel de connaissances et promouvoir les collaborations,Identifier les expertises des diffťrents membres et les prťsenter sur le site du RSN,Rťpertoires & Cartographie,CLAIR,Identifier expertises = rťpertoire,
CA-MOB-OS1-c,Champ d'action : Mobilisation des connaissances,Soutenir et faciliter l'ťchange intersectoriel de connaissances et promouvoir les collaborations,Identifier les communautťs existantes et identifier les gaps,Rťpertoires & Cartographie,CLAIR,Identifier communautťs = cartographie,
CA-MOB-OS1-d,Champ d'action : Mobilisation des connaissances,Soutenir et faciliter l'ťchange intersectoriel de connaissances et promouvoir les collaborations,Prťciser le public et l'objectif prťcis en matiŤre de mobilisation des connaissances,Consultation & …coute,MOYEN,Prťciser le public = rťflexion interne,Dťfinir le public cible via rťflexion stratťgique
CA-MOB-OS2-a,Champ d'action : Mobilisation des connaissances,Amťliorer l'accessibilitť et l'utilisation de la recherche en santť numťrique,…laborer des rťsumťs conviviaux des connaissances et articles,Guides & Outils,CLAIR,Rťsumťs conviviaux = guides/outils,
CA-MOB-OS2-b,Champ d'action : Mobilisation des connaissances,Amťliorer l'accessibilitť et l'utilisation de la recherche en santť numťrique,Identifier les besoins des groupes cibles en matiŤre d'accŤs et utilisation des connaissances,Consultation & …coute,CLAIR,Identifier les besoins = consultation,
CA-MOB-OS2-c,Champ d'action : Mobilisation des connaissances,Amťliorer l'accessibilitť et l'utilisation de la recherche en santť numťrique,Collaborer activement avec les axes et le comitť ťtudiant,Concertation & Maillage,CLAIR,'Collaborer activement' est trŤs flou,ņ CLARIFIER: Quelles actions concrŤtes?
CA-MOB-OS2-d,Champ d'action : Mobilisation des connaissances,Amťliorer l'accessibilitť et l'utilisation de la recherche en santť numťrique,Porter attention au problŤme de disponibilitť et de biais pour les donnťes populations marginalisťes,Guides & Outils,FAIBLE,'Porter attention' n'est pas une action,ņ CLARIFIER: Quel livrable concernant les biais?
CA-MOB-OS3-a,Champ d'action : Mobilisation des connaissances,Renforcer l'engagement citoyen et la littťratie numťrique en santť par la diffusion accessible des connaissances et des pratiques fondťes sur des donnťes probantes,Accťder aux revues de littťrature existantes et les compiler au besoin,Rťpertoires & Cartographie,CLAIR,Compiler revues = rťpertoire,
CA-MOB-OS3-b,Champ d'action : Mobilisation des connaissances,Renforcer l'engagement citoyen et la littťratie numťrique en santť par la diffusion accessible des connaissances et des pratiques fondťes sur des donnťes probantes,Dťvelopper un bulletin d'informations rťgulier pour le partage des rťsultats de recherche,Guides & Outils,CLAIR,Bulletin d'informations = outil,
CA-MOB-OS3-c,Champ d'action : Mobilisation des connaissances,Renforcer l'engagement citoyen et la littťratie numťrique en santť par la diffusion accessible des connaissances et des pratiques fondťes sur des donnťes probantes,Identifier les besoins des groupes cibles en matiŤre d'accŤs et utilisation des connaissances,Consultation & …coute,CLAIR,Identifier besoins = consultation,
CA-RENF-OS1-a,Champ d'action : Renforcement des capacitťs,Consolider les compťtences de l'ensemble des chercheur(e)s,Dťvelopper des communautťs de pratique,Concertation & Maillage,CLAIR,Communautťs de pratique = maillage,
CA-RENF-OS1-b,Champ d'action : Renforcement des capacitťs,Consolider les compťtences de l'ensemble des chercheur(e)s,"Crťer des rťseaux d'apprentissages collaboratifs pour partager les dťfis, expťriences et solutions rencontrťs dans les projets",Concertation & Maillage,CLAIR,Rťseaux collaboratifs = maillage,
CA-RENF-OS2-a,Champ d'action : Renforcement des capacitťs,Assurer la cohťrence des solutions existantes et nouvelles entre les axes et optimiser les solutions communes pour la recherche collaborative de bout en bout (end-to-end),"Assurer la rťalisation des cartographies des assets critiques aux axes (des plateformes, des actifs et des capacitťs existantes) pour mieux identifier les complťmentaritťs, les synergies potentielles et les opportunitťs d'amťlioration",Rťpertoires & Cartographie,CLAIR,Cartographies des assets = rťpertoire,
CA-RENF-OS3-a,Champ d'action : Renforcement des capacitťs,Outiller les chercheur(e)s pour mesurer adťquatement l'impact de leurs activitťs en termes de capacitť,Mettre en place un comitť de suivi chargť d'ťvaluer les progrŤs rťalisťs et de suivre les impacts des initiatives entreprises,Concertation & Maillage,MOYEN,Comitť de suivi = structure interne,Mettre en place un comitť de suivi d'impact
CA-RENF-OS3-b,Champ d'action : Renforcement des capacitťs,Outiller les chercheur(e)s pour mesurer adťquatement l'impact de leurs activitťs en termes de capacitť,"Revoir les critŤres et cadres existants, et dťfinir ce qu'il est nťcessaire de suivre et comment le faire",Guides & Outils,MOYEN,Dťfinir critŤres = guide,Produire un guide des critŤres de suivi
PD-ENG-OS1-a,Principe directeur : Engagement citoyen,Promouvoir le dialogue et l'engagement de la patientŤle et du public autour des interventions en santť numťrique,"Travailler en partenariat avec des organisations et communautťs clťs (CEPPP, Communautť expťrience, Communautť expťrience et partenariat des soins et de services) comme leviers pour les actions du principe fondateur et de ses membres (du co-dťveloppement ŗ la communication)",Concertation & Maillage,CLAIR,Partenariat avec organisations = maillage,
PD-ENG-OS1-b,Principe directeur : Engagement citoyen,Promouvoir le dialogue et l'engagement de la patientŤle et du public autour des interventions en santť numťrique,Recenser et analyser les attentes et les besoins de la patientŤle et du public en santť numťrique au travers de diffťrents types de consultation et d'implication,Consultation & …coute,CLAIR,Recenser besoins = consultation,
PD-ENG-OS2-a,Principe directeur : Engagement citoyen,Favoriser la co-construction de projets en santť numťrique avec la patientŤle et le public,"Favoriser l'intťgration des concepts et mťthodes de co-construction et de partenariat dans les interventions numťriques provinciales en cours de rťalisation, telles que le Dossier santť numťrique (et son volet portail patient My Chart)",Influence & Reprťsentation,MOYEN,"Favoriser intťgration = influence, mais flou",Promouvoir l'intťgration dans le DSN et MyChart
PD-ENG-OS2-b,Principe directeur : Engagement citoyen,Favoriser la co-construction de projets en santť numťrique avec la patientŤle et le public,Former un comitť patientŤle et public au sein du RSN qui se fixerait des objectifs ŗ court terme (ex. intťgrer un axe Santť numťrique dans le Programme national de santť publique pour une santť plus connectťe inclusive et innovante),Concertation & Maillage,CLAIR,Former un comitť = concertation,
PD-ENG-OS3-a,Principe directeur : Engagement citoyen,Favoriser l'accessibilitť de la patientŤle et du public aux connaissances et interventions en santť numťrique,"Dťfinir les modalitťs d'engagement et de partage des connaissances (symposium, journťe scientifique, feuille de route, etc.) pour le dťveloppement des interventions en santť numťrique",Guides & Outils,MOYEN,"Dťfinir modalitťs = guide, mais flou",Produire un guide des modalitťs d'engagement
PD-ENG-OS3-b,Principe directeur : Engagement citoyen,Favoriser l'accessibilitť de la patientŤle et du public aux connaissances et interventions en santť numťrique,Dťvelopper ou promouvoir des balados et webinaires pour partager les rťsultats scientifiques et les bťnťfices du partenariat en s'appuyant sur la vision et contribution de la patientŤle et du public,…vťnements & Rayonnement,CLAIR,Balados et webinaires = ťvťnements,
PD-ENG-OS3-c,Principe directeur : Engagement citoyen,Favoriser l'accessibilitť de la patientŤle et du public aux connaissances et interventions en santť numťrique,Soutenir la communautť de recherche dans l'organisation de confťrences accessibles ŗ la patientŤle et au public pour favoriser le dialogue et l'engagement,…vťnements & Rayonnement,MOYEN,'Soutenir l'organisation' est flou,Organiser des confťrences accessibles au public
PD-ENG-OS3-d,Principe directeur : Engagement citoyen,Favoriser l'accessibilitť de la patientŤle et du public aux connaissances et interventions en santť numťrique,"Considťrer pour ces actions les spťcificitťs du Quťbec, ce qui s'applique et ce qui ne s'applique pas",Consultation & …coute,FAIBLE,'Considťrer' n'est pas une action,ņ CLARIFIER: Quel livrable sur les spťcificitťs QC?
PD-CONF-OS1-a,Principe directeur : Numťrique de confiance,Intťgrer une vision partagťe du numťrique de confiance dans les axes et les actions du RSN,Organiser des rencontres transversales avec les axes et les principes du RSN pour dťfinir une dťfinition partagťe du numťrique de confiance,Concertation & Maillage,CLAIR,Rencontres transversales = concertation,
PD-CONF-OS1-b,Principe directeur : Numťrique de confiance,Intťgrer une vision partagťe du numťrique de confiance dans les axes et les actions du RSN,Identifier les attentes spťcifiques par axe ou champ d'action lors de rencontres bilatťrales,Consultation & …coute,CLAIR,Identifier attentes = consultation,
PD-CONF-OS1-c,Principe directeur : Numťrique de confiance,Intťgrer une vision partagťe du numťrique de confiance dans les axes et les actions du RSN,Produire une premiŤre ťbauche de la dťfinition sous forme de fiche ou infographie ŗ valider collectivement,Guides & Outils,CLAIR,Fiche ou infographie = guide,
PD-CONF-OS2-a,Principe directeur : Numťrique de confiance,Renforcer la comprťhension des perspectives citoyennes et usagŤres dans la conception des projets,"Cartographier les acteurs concernťs (patients partenaires, CEPPP, groupes citoyens, FRQ)",Rťpertoires & Cartographie,CLAIR,Cartographier acteurs = rťpertoire,
PD-CONF-OS2-b,Principe directeur : Numťrique de confiance,Renforcer la comprťhension des perspectives citoyennes et usagŤres dans la conception des projets,Organiser des groupes de discussion citoyens pour coconstruire des critŤres de confiance,Consultation & …coute,CLAIR,Groupes de discussion = consultation,
PD-CONF-OS2-c,Principe directeur : Numťrique de confiance,Renforcer la comprťhension des perspectives citoyennes et usagŤres dans la conception des projets,Mobiliser les comitťs de patients partenaires avant de lancer une consultation citoyenne plus large,Consultation & …coute,CLAIR,Mobiliser comitťs patients = consultation,
PD-CONF-OS3-a,Principe directeur : Numťrique de confiance,"Favoriser des normes et pratiques partagťes autour de la transparence, la sťcuritť, l'ťthique, l'ťco-responsabilitť et la rťciprocitť","Dťvelopper une feuille de route de critŤres de confiance ŗ appliquer dans les projets (sťcuritť, ťthique, validitť, UX)",Guides & Outils,CLAIR,Feuille de route = guide,
PD-CONF-OS3-b,Principe directeur : Numťrique de confiance,"Favoriser des normes et pratiques partagťes autour de la transparence, la sťcuritť, l'ťthique, l'ťco-responsabilitť et la rťciprocitť",Dťployer cette feuille de route dans diffťrents projets pilotes issus des axes du RSN,Concertation & Maillage,MOYEN,Dťployer dans projets = accompagnement,Accompagner des projets pilotes
PD-CONF-OS3-c,Principe directeur : Numťrique de confiance,"Favoriser des normes et pratiques partagťes autour de la transparence, la sťcuritť, l'ťthique, l'ťco-responsabilitť et la rťciprocitť","Faire connaÓtre ces outils aux parties prenantes concernťes : chercheurs, porteurs de projets, comitťs d'ťthique",…vťnements & Rayonnement,MOYEN,Faire connaÓtre = diffusion,Organiser des sessions de prťsentation
PD-DUR-OS1-a,Principe directeur : Santť durable,Former et sensibiliser les membres du rťseau et les parties prenantes sur la santť numťrique durable,Effectuer une revue de la littťrature nationale et internationale pour investiguer les concepts et les interventions ŗ l'intersection de la santť durable et de la santť numťrique,Rťpertoires & Cartographie,CLAIR,Revue de littťrature = rťpertoire,
PD-DUR-OS1-b,Principe directeur : Santť durable,Former et sensibiliser les membres du rťseau et les parties prenantes sur la santť numťrique durable,Proposer une dťfinition commune de la santť durable dans un contexte de santť numťrique pour le RSN (lexique commun ou une cartographie des concepts clťs),Guides & Outils,CLAIR,Dťfinition/lexique = guide,
PD-DUR-OS1-c,Principe directeur : Santť durable,Former et sensibiliser les membres du rťseau et les parties prenantes sur la santť numťrique durable,Organiser une rťflexion stratťgique sur les donnťes et la santť durable en communication avec les autres acteurs du RSN : quelles donnťes et quelles interventions prioriser au service de la santť durable ?,Concertation & Maillage,CLAIR,Rťflexion stratťgique = concertation,
PD-DUR-OS2-a,Principe directeur : Santť durable,Structurer les partenariats et identifier les ressources pour soutenir les projets porteurs en santť durable,"Identifier et cartographier les partenariats potentiels (ex. milieux ruraux, communautaires, autochtones, municipalitťs) et dťfinir des rŰles potentiels de chacun",Rťpertoires & Cartographie,CLAIR,Cartographier partenariats = rťpertoire,
PD-DUR-OS2-b,Principe directeur : Santť durable,Structurer les partenariats et identifier les ressources pour soutenir les projets porteurs en santť durable,Solliciter (afin d'identifier) les citoyens et citoyennes prÍts ŗ contribuer ŗ travers diffťrents types de donnťes pour dťvelopper des projets et des outils,Consultation & …coute,CLAIR,Solliciter citoyens = consultation,
PD-DUR-OS2-c,Principe directeur : Santť durable,Structurer les partenariats et identifier les ressources pour soutenir les projets porteurs en santť durable,Commencer ŗ identifier des projets dans les autres axes du RSN ŗ fort impact en santť durable ŗ soutenir,Rťpertoires & Cartographie,MOYEN,Identifier projets = inventaire,Crťer un inventaire des projets ŗ fort impact
PD-DUR-OS2-d,Principe directeur : Santť durable,Structurer les partenariats et identifier les ressources pour soutenir les projets porteurs en santť durable,Identifier les chercheurs-euses ayant une expertise en santť gťographique et en gťomatique ŗ impliquer au principe fondateur pour accroÓtre la capacitť du RSN ŗ soutenir les projets en lien avec des municipalitťs,Rťpertoires & Cartographie,CLAIR,Identifier chercheurs = rťpertoire,
PD-DUR-OS3-a,Principe directeur : Santť durable,Formuler des recommandations pour assurer la santť numťrique durable au Quťbec,"…laborer un ťnoncť politique ou manifeste de l'axe santť durable en collaboration avec l'axe 1 et visant l'intťgration des donnťes plurielles et l'accŤs pour la recherche (en lien avec auto-gestion, prťvention, promotion de la santť)",Influence & Reprťsentation,CLAIR,…noncť politique = influence,
PD-DUR-OS3-b,Principe directeur : Santť durable,Formuler des recommandations pour assurer la santť numťrique durable au Quťbec,Organiser un atelier de rťflexion autour de l'IA et son impact en matiŤre de durabilitť,…vťnements & Rayonnement,CLAIR,Atelier de rťflexion = ťvťnement,
PD-SCI-OS1-a,Principe directeur : Science ouverte,Favoriser la mise en place d'un rťfťrentiel commun et accessible pour la science ouverte,"…laborer un sondage auprŤs des membres du Rťseau pour identifier leurs pratiques de partage des donnťes et connaissances, ainsi que leurs besoins",Consultation & …coute,CLAIR,Sondage = consultation,
PD-SCI-OS1-b,Principe directeur : Science ouverte,Favoriser la mise en place d'un rťfťrentiel commun et accessible pour la science ouverte,"Rťaliser une veille des initiatives existantes internationales et nationales, ŗ la fois les ťnoncťs de principes (UNESCO, NASA Open Science, Tri-Council,Ö) et les outils (Zenodo, Software Heritage, etc.) en science ouverte",Rťpertoires & Cartographie,CLAIR,Veille des initiatives = rťpertoire,
PD-SCI-OS1-c,Principe directeur : Science ouverte,Favoriser la mise en place d'un rťfťrentiel commun et accessible pour la science ouverte,Regarder les initiatives au Quťbec en particulier (spťcificitťs de ces pratiques dans le cadre juridique et ťthique et enseignements tirťs),Rťpertoires & Cartographie,CLAIR,Initiatives QC = rťpertoire,
PD-SCI-OS2-a,Principe directeur : Science ouverte,Amťliorer l'accessibilitť et l'utilisation de la recherche en santť numťrique,Crťer un espace GitHub RSN avec un modŤle de gouvernance et le diffuser dans la communautť,Guides & Outils,CLAIR,Espace GitHub = outil,
PD-SCI-OS2-b,Principe directeur : Science ouverte,Amťliorer l'accessibilitť et l'utilisation de la recherche en santť numťrique,"Partager des packages R et Python, par exemple, avec la communautť",Guides & Outils,CLAIR,Packages R/Python = outils,
PD-SCI-OS2-c,Principe directeur : Science ouverte,Amťliorer l'accessibilitť et l'utilisation de la recherche en santť numťrique,Proposer des formations pratiques sur des outils comme le rmarkdown et quarto pour la documentation des donnťes,Formation & RelŤve,CLAIR,Formations pratiques = formation,
PD-SCI-OS3-a,Principe directeur : Science ouverte,Promouvoir une culture de la science ouverte au sein du rťseau et ŗ l'externe,"Dťvelopper des connaissances accessibles pour les chercheurs et chercheuses sur ce qu'est la science ouverte et comment s'y prendre concrŤtement (capsules, guides)",Guides & Outils,CLAIR,Capsules et guides = guides,
PD-SCI-OS3-b,Principe directeur : Science ouverte,Promouvoir une culture de la science ouverte au sein du rťseau et ŗ l'externe,"Organiser un ťvťnement annuel ę Journťe science ouverte Ľ au RSN (partage d'expťriences, dťmos)",…vťnements & Rayonnement,CLAIR,Journťe annuelle = ťvťnement,
PD-EDIA-OS1-a,Principe directeur : EDIA,Favoriser une culture inclusive et respectueuse,…laborer un formulaire d'auto-identification pour le RSN,Guides & Outils,CLAIR,Formulaire = outil,
PD-EDIA-OS1-b,Principe directeur : EDIA,Favoriser une culture inclusive et respectueuse,…tablir une dťfinition commune de l'EDIA pour le RSN,Guides & Outils,CLAIR,Dťfinition commune = guide,
PD-EDIA-OS1-c,Principe directeur : EDIA,Favoriser une culture inclusive et respectueuse,"Mettre en ťvidence les bťnťfices concrets de l'EDIA (p. ex. dans l'enseignement, les pratiques de gouvernance, l'accueil des populations vulnťrables)",Guides & Outils,MOYEN,Mettre en ťvidence = flou sur format,Produire un document sur les bťnťfices de l'EDIA
PD-EDIA-OS1-d,Principe directeur : EDIA,Favoriser une culture inclusive et respectueuse,"Recenser les outils et ressources disponibles (notamment via les centres SSA, CEPPP, etc.)",Rťpertoires & Cartographie,CLAIR,Recenser outils = rťpertoire,
PD-EDIA-OS2-a,Principe directeur : EDIA,Assurer l'ťquitť dans le processus de dotation des organisations,Sensibiliser les membres du rťseau ŗ l'importance d'un recrutement et d'une formation ťquitables,…vťnements & Rayonnement,MOYEN,Sensibiliser = ťvťnement ou guide,Organiser des sessions de sensibilisation
PD-EDIA-OS2-b,Principe directeur : EDIA,Assurer l'ťquitť dans le processus de dotation des organisations,Dťvelopper ou adapter un outil d'ťvaluation EDIA des processus organisationnels (avec une dimension recrutement),Guides & Outils,CLAIR,Outil d'ťvaluation = guide,
PD-EDIA-OS2-c,Principe directeur : EDIA,Assurer l'ťquitť dans le processus de dotation des organisations,"Inclure des critŤres EDIA dans les procťdures d'ťvaluation existantes, notamment en ce qui concerne les rapports de performance des axes",Influence & Reprťsentation,MOYEN,Inclure critŤres = influence interne,Intťgrer des critŤres EDIA dans les procťdures
PD-EDIA-OS3-a,Principe directeur : EDIA,Encourager la diversitť des approches de recherche et de mťthodologies,Mettre en ťvidence les bťnťfices de l'intťgration de l'EDIA dans la recherche (dťmonstration par l'exemple),Guides & Outils,MOYEN,Dťmonstration = ťtudes de cas,Produire des ťtudes de cas EDIA
PD-EDIA-OS3-b,Principe directeur : EDIA,Encourager la diversitť des approches de recherche et de mťthodologies,Prťvoir l'observation et l'ťvaluation ŗ court terme de l'EDIA dŤs la conception des projets,Guides & Outils,MOYEN,Prťvoir observation = cadre,Dťvelopper un cadre d'ťvaluation EDIA
