ID Action,Axe,Objectif stratégique,Action originale,Chantier suggéré,Confiance,Raison,Action réécrite,Statut analyse,Projet,Nom projet,Description projet,Notes analyse,Destination,Approuvé,Statut objectif
A1-OS1-a,Axe 1 : Plateformes numériques et gouvernance,Favoriser l'acceptabilité sociale de l'utilisation des données de santé dans un contexte de recherche,Rédiger un manifeste en faveur de l'accès aux données,Influence & Représentation,CLAIR,Manifeste = document d'influence politique,,,,,,,,oui,en cours
A1-OS1-b,Axe 1 : Plateformes numériques et gouvernance,Favoriser l'acceptabilité sociale de l'utilisation des données de santé dans un contexte de recherche,Produire un document annexe mettant de l'avant les bénéfices et les manques à gagner (use case),Influence & Représentation,CLAIR,Document annexe avec use cases = guide/outil,,,,,,Orphelin sans les autres A1-OS1. À fusionner avec A1-OS1-a (manifeste) et A1-OS1-c (comité patients) qui sont dans d'autres chantiers.,,oui,non démarré
A1-OS1-c,Axe 1 : Plateformes numériques et gouvernance,Favoriser l'acceptabilité sociale de l'utilisation des données de santé dans un contexte de recherche,Former un comité de patients et usagers sur l'acceptabilité sociale qui intègre des représentants des Premières Nations et communautés minoritaires,Concertation & Maillage,CLAIR,Former un comité = créer une structure de concertation,,keep,C3-2,Comités et structures participatives,Création de comités spécifiques au sein du RSN pour la gouvernance participative.,,,oui,non démarré
A1-OS2-a,Axe 1 : Plateformes numériques et gouvernance,"Soutenir les plateformes numériques et favoriser leur alignement sur les plans technique, éthique et de gestion",Lancer une table de concertation entre les plateformes (Symposium des plateformes),Concertation & Maillage,CLAIR,Table de concertation = maillage,,keep,C3-1,Tables de concertation thématiques,Espaces de discussion inter-groupes au sein du RSN autour de thèmes spécifiques.,,,oui,terminé
A1-OS2-b,Axe 1 : Plateformes numériques et gouvernance,"Soutenir les plateformes numériques et favoriser leur alignement sur les plans technique, éthique et de gestion",Cartographier les actifs informationnels et les expertises,Répertoires & Cartographie,CLAIR,Cartographie = répertoire,,,R1,"Répertoire des expertises, actifs et infrastructures RSN","Bottin unifié des personnes, expertises, plateformes, actifs numériques et infrastructures du RSN, avec vue géographique.",,,oui,en cours
A1-OS2-c,Axe 1 : Plateformes numériques et gouvernance,"Soutenir les plateformes numériques et favoriser leur alignement sur les plans technique, éthique et de gestion","S'arrimer aux initiatives et communautés de pratiques existantes (MSSS, etc.)",Concertation & Maillage,CLAIR,S'arrimer = maillage avec partenaires,,keep,C3-3,Communautés de pratique et réseaux collaboratifs,Maillage entre chercheurs et apprentissage entre pairs via des communautés de pratique.,,,oui,en cours
A1-OS3-a,Axe 1 : Plateformes numériques et gouvernance,Représenter les besoins de la communauté des chercheurs en matière de gouvernance de l'information et influencer les décisions gouvernementales,Se joindre aux comités sur le DSN et aux instances de Santé Québec pour pousser les enjeux recherche,Influence & Représentation,CLAIR,Rejoindre comités gouvernementaux = influence,,,,,,,,oui,en cours
A1-OS3-b,Axe 1 : Plateformes numériques et gouvernance,Représenter les besoins de la communauté des chercheurs en matière de gouvernance de l'information et influencer les décisions gouvernementales,Table inter-axes de concertation en gouvernance informationnelle,Concertation & Maillage,CLAIR,Table inter-axes = concertation interne,,keep,C3-1,Tables de concertation thématiques,Espaces de discussion inter-groupes au sein du RSN autour de thèmes spécifiques.,,,oui,non démarré
A1-OS3-c,Axe 1 : Plateformes numériques et gouvernance,Représenter les besoins de la communauté des chercheurs en matière de gouvernance de l'information et influencer les décisions gouvernementales,Partage des cadres de gestion et des modèles d'entente,Guides & Outils,MOYEN,"Partage de cadres = ressources/guides, mais flou sur le format",Produire un guide compilant les cadres de gestion et modèles d'entente,keep,G5,Guides de gouvernance,Produire des guides et cadres de référence sur les différents types de gouvernance pertinents pour le RSN.,,,oui,non démarré
A2-OS1-a,Axe 2 : Modélisation et méthodes numériques,Faciliter le maillage entre les méthodologistes et la formation de la relève,Effectuer une cartographie des différents champs d'expertise,Répertoires & Cartographie,CLAIR,Cartographie des expertises = répertoire,,,R1,"Répertoire des expertises, actifs et infrastructures RSN","Bottin unifié des personnes, expertises, plateformes, actifs numériques et infrastructures du RSN, avec vue géographique.",,,oui,en cours
A2-OS1-b,Axe 2 : Modélisation et méthodes numériques,Faciliter le maillage entre les méthodologistes et la formation de la relève,Lancer une communauté de pratique des méthodologistes (ex. midi-conférences),Concertation & Maillage,MOYEN,"Est-ce que le point important ici est la concertaion des membres  (= maillage) ou bien le fait de lancer des midis conféence ? (=rayonnement), peut-être à séparer en deux actions",,keep,C3-3,Communautés de pratique et réseaux collaboratifs,Maillage entre chercheurs et apprentissage entre pairs via des communautés de pratique.,,,oui,non démarré
A2-OS2-a,Axe 2 : Modélisation et méthodes numériques,Colliger et harmoniser les bonnes pratiques et les rendre accessibles,Établir un guide/template standard pour encadrer l'harmonisation des bonnes pratiques en méthodologie,Guides & Outils,CLAIR,Guide/template = outil prescriptif,,keep,G1,Harmonisation des bonnes pratiques méthodologiques,"Produire un cadre commun de bonnes pratiques pour la communauté de recherche, accessible en français.","Ces 3 actions (a, b, c) partagent le même objectif stratégique — à fusionner en un seul livrable de projet.",,oui,non démarré
A2-OS2-b,Axe 2 : Modélisation et méthodes numériques,Colliger et harmoniser les bonnes pratiques et les rendre accessibles,Identifier les bonnes pratiques à formaliser pour la communauté et produire les guides associés,Guides & Outils,CLAIR,Produire des guides = guides,,keep,G1,Harmonisation des bonnes pratiques méthodologiques,"Produire un cadre commun de bonnes pratiques pour la communauté de recherche, accessible en français.",À fusionner avec A2-OS2-a.,,oui,non démarré
A2-OS2-c,Axe 2 : Modélisation et méthodes numériques,Colliger et harmoniser les bonnes pratiques et les rendre accessibles,Assurer l'offre de ressources en français,Guides & Outils,MOYEN,Assurer l'offre en français est flou,Traduire et adapter les guides méthodologiques existants en français,keep,G1,Harmonisation des bonnes pratiques méthodologiques,"Produire un cadre commun de bonnes pratiques pour la communauté de recherche, accessible en français.","À fusionner avec A2-OS2-a — devient une contrainte du livrable, pas une action séparée.",,oui,non démarré
A2-OS3-a,Axe 2 : Modélisation et méthodes numériques,Connecter les méthodologistes aux utilisateurs de connaissances,Organiser des journal clubs pour le partage des connaissances scientifiques,Événements & Rayonnement,CLAIR,Journal clubs = événements récurrents,,,,,,,,oui,non démarré
A2-OS3-b,Axe 2 : Modélisation et méthodes numériques,Connecter les méthodologistes aux utilisateurs de connaissances,Organiser des activités avec des partenaires (ex. IVADO et son axe Santé),Événements & Rayonnement,CLAIR,Organiser des activités = événements,,,,,,,,oui,terminé
A3-OS1-a,Axe 3 : Interventions numériques,Établir et diffuser les meilleures pratiques de gestion de projet en matière d'interventions numériques en santé,"Réaliser une revue de portée (scoping review) des meilleures pratiques en matière de conception, gestion et évaluation des interventions numériques en santé",Guides & Outils,CLAIR,Cartographie des pratiques = répertoire,,,,,,"Scoping review — le livrable final est un guide de bonnes pratiques, pas un répertoire.",,oui,en cours
A3-OS1-b,Axe 3 : Interventions numériques,Établir et diffuser les meilleures pratiques de gestion de projet en matière d'interventions numériques en santé,Développer des études de cas structurées à partir de projets du RSN et externes pour traduire les bonnes pratiques en guidance concrète,Consultation & Écoute,MOYEN,Identifier des problèmes = consultation,,,,,,,,oui,en cours
A3-OS1-c,Axe 3 : Interventions numériques,Établir et diffuser les meilleures pratiques de gestion de projet en matière d'interventions numériques en santé,Documenter les expériences des living labs au Québec et en extraire des apprentissages réutilisables sous forme de fiches ou boîtes à outils,Répertoires & Cartographie,CLAIR,Cartographie des living labs = répertoire,,rewrite,R1,"Répertoire des expertises, actifs et infrastructures RSN","Bottin unifié des personnes, expertises, plateformes, actifs numériques et infrastructures du RSN, avec vue géographique.","À reformuler : la documentation des living labs servira à cartographier ces entités dans R1, mais l'action devrait expliciter ce livrable.",,oui,en cours
A3-OS2-a,Axe 3 : Interventions numériques,Favoriser le rapprochement entre les chercheurs et les milieux preneurs pour optimiser l'accompagnement et le transfert de connaissances,Organiser une table de concertation pour réunir les membres de la communauté de la recherche et des milieux preneurs autour d'objectifs communs,Concertation & Maillage,CLAIR,Table de concertation = maillage,,keep,C3-1,Tables de concertation thématiques,Espaces de discussion inter-groupes au sein du RSN autour de thèmes spécifiques.,,,oui,non démarré
A3-OS2-b,Axe 3 : Interventions numériques,Favoriser le rapprochement entre les chercheurs et les milieux preneurs pour optimiser l'accompagnement et le transfert de connaissances,Les membres du comité Axe 3 agissent comme ambassadeurs au sein de leurs institutions et réseaux respectifs pour faciliter la communication et identifier les besoins des milieux preneurs,Concertation & Maillage,MOYEN,"Identifier des ambassadeurs = maillage, mais flou",,keep,C3-4,Partenariats externes et maillage inter-sectoriel,"Liens avec des organisations, experts et milieux preneurs hors RSN.",,,oui,non démarré
A3-OS3-a,Axe 3 : Interventions numériques,Accélérer la collaboration entre chercheurs et développeurs d'interventions numériques pour favoriser l'adéquation aux besoins des parties prenantes,"Lancer une consultation pour identifier les enjeux et opportunités actuels autour des développements technologiques (DME, DSN, etc.) pour proposer des interventions",Consultation & Écoute,CLAIR,Consultation = écoute des besoins,,,,,,,,oui,non démarré
A3-OS3-b,Axe 3 : Interventions numériques,Accélérer la collaboration entre chercheurs et développeurs d'interventions numériques pour favoriser l'adéquation aux besoins des parties prenantes,Organiser des événements en partenariat avec l'industrie sur le sujet de la santé numérique,Événements & Rayonnement,CLAIR,Événements avec industrie = rayonnement,,,,,,,,oui,non démarré
A4-OS1-a,Axe 4 : Transformation numérique,Aviser les organisations à une gestion efficace du numérique et de ses tensions,"Cartographier les initiatives, formations et projets existants dans l'écosystème au Québec et en-dehors",Répertoires & Cartographie,CLAIR,Cartographie = répertoire,,,R2,Inventaire des formations en santé numérique,"Inventaire structuré des programmes de formation existants en santé numérique, avec analyse du paysage et des lacunes.",,,oui,non démarré
A4-OS1-b,Axe 4 : Transformation numérique,Aviser les organisations à une gestion efficace du numérique et de ses tensions,Former la communauté de recherche à la vulgarisation des connaissances scientifiques,Formation & Relève,CLAIR,Former la communauté = formation,,,,,,,,oui,non démarré
A4-OS1-c,Axe 4 : Transformation numérique,Aviser les organisations à une gestion efficace du numérique et de ses tensions,Organiser des ateliers de travail et de consultation pour prendre connaissance des priorités et des besoins,Consultation & Écoute,CLAIR,Ateliers de consultation = écoute,,,,,,,,oui,non démarré
A4-OS2-a,Axe 4 : Transformation numérique,Alimenter la réflexion autour des politiques publiques pour favoriser une transformation numérique basée sur des évidences scientifiques,Mobiliser les experts de l'axe aux compétences diverses et complémentaires,Concertation & Maillage,FAIBLE,'Mobiliser les experts' est très flou - pour faire quoi?,À CLARIFIER: Quel est le livrable attendu?,rewrite,,,,,,oui,non démarré
A4-OS2-b,Axe 4 : Transformation numérique,Alimenter la réflexion autour des politiques publiques pour favoriser une transformation numérique basée sur des évidences scientifiques,Mettre en place une table de concertation sur la gouvernance et le changement organisationnel,Concertation & Maillage,CLAIR,Table de concertation = maillage,,keep,C3-1,Tables de concertation thématiques,Espaces de discussion inter-groupes au sein du RSN autour de thèmes spécifiques.,,,oui,non démarré
A4-OS2-c,Axe 4 : Transformation numérique,Alimenter la réflexion autour des politiques publiques pour favoriser une transformation numérique basée sur des évidences scientifiques,Éclairer la décision publique en lien avec la mise en oeuvre des interventions numériques (telles que le DSN),Influence & Représentation,CLAIR,Éclairer la décision publique = influence,,,,,,,,oui,non démarré
A4-OS3-a,Axe 4 : Transformation numérique,"Outiller les chercheurs, gestionnaires et patients pour comprendre les nouveaux cadres en lien avec le numérique en santé",Prendre contact avec des experts en vulgarisation juridique (i.e. Educaloi),Concertation & Maillage,CLAIR,Prendre contact avec experts = maillage,,keep,C3-4,Partenariats externes et maillage inter-sectoriel,"Liens avec des organisations, experts et milieux preneurs hors RSN.",,,oui,en cours
A4-OS3-b,Axe 4 : Transformation numérique,"Outiller les chercheurs, gestionnaires et patients pour comprendre les nouveaux cadres en lien avec le numérique en santé",Réunir les formations et ressources sur les lois 5 et 25,Répertoires & Cartographie,CLAIR,Réunir les formations et ressources = répertoire,,,R2,Inventaire des formations en santé numérique,"Inventaire structuré des programmes de formation existants en santé numérique, avec analyse du paysage et des lacunes.",,,oui,en cours
A4-OS3-c,Axe 4 : Transformation numérique,"Outiller les chercheurs, gestionnaires et patients pour comprendre les nouveaux cadres en lien avec le numérique en santé","Produire des formations et ressources pertinentes pour des premiers publics cibles (par ex. Chercheurs, Membres RSN, etc)",Formation & Relève,CLAIR,Formations et ressources = formation,,,,,,,,oui,en cours
A4-OS4-a,Axe 4 : Transformation numérique,"Mesurer et suivre l'adoption du numérique en santé par les patients, les citoyens et les prestataires",Développer un baromètre numérique en collaboration avec le CSBE pour décrire l'adoption du numérique en santé à partir de données d'enquêtes disponibles,Guides & Outils,CLAIR,Baromètre = outil de mesure de l'adoption,,,G6,Baromètre numérique,Baromètre de l'adoption du numérique en santé en collaboration avec le CSBE.,,,oui,en cours
CA-FORM-OS1-a,Champ d'action : Formation interdisciplinaire,Promouvoir le développement d'une formation interdisciplinaire en santé numérique,"Soutien aux événements de formation (Digital Health, McGill Workshop, Math for Health et autres avec des organisations telles que l'IVADO)",Événements & Rayonnement,MOYEN,'Soutien aux événements' est flou,Contribuer à l'organisation des événements de formation,,,,,,,oui,en cours
CA-FORM-OS2-a,Champ d'action : Formation interdisciplinaire,Soutenir la formation de la prochaine génération par l'acquisition de connaissances et la pratique,"Mise en place d'une consultation sur les besoins des étudiants (comité, enquête, événements)",Consultation & Écoute,CLAIR,Consultation sur les besoins = écoute,,,,,,,,oui,en cours
CA-FORM-OS2-b,Champ d'action : Formation interdisciplinaire,Soutenir la formation de la prochaine génération par l'acquisition de connaissances et la pratique,Soutien aux manifestations étudiantes sur la santé numérique,Événements & Rayonnement,MOYEN,'Soutien aux manifestations' est flou,Contribuer à l'organisation des événements étudiants,,,,,,,oui,en cours
CA-FORM-OS3-a,Champ d'action : Formation interdisciplinaire,Faciliter l'accès des chercheurs aux formations existantes,Inventaire des programmes de formation existants et catégorisation,Répertoires & Cartographie,CLAIR,Inventaire = répertoire,,,R2,Inventaire des formations en santé numérique,"Inventaire structuré des programmes de formation existants en santé numérique, avec analyse du paysage et des lacunes.",,,oui,en cours
CA-FORM-OS3-b,Champ d'action : Formation interdisciplinaire,Faciliter l'accès des chercheurs aux formations existantes,"Mettre en place une consultation sur les besoins des chercheurs (comité, enquête, événements)",Consultation & Écoute,CLAIR,Consultation = écoute,,,,,,,,oui,en cours
CA-FORM-OS3-c,Champ d'action : Formation interdisciplinaire,Faciliter l'accès des chercheurs aux formations existantes,Effectuer une analyse du paysage de la formation,Répertoires & Cartographie,CLAIR,Analyse du paysage = cartographie,,,R2,Inventaire des formations en santé numérique,"Inventaire structuré des programmes de formation existants en santé numérique, avec analyse du paysage et des lacunes.",,,oui,non démarré
CA-FORM-OS3-d,Champ d'action : Formation interdisciplinaire,Faciliter l'accès des chercheurs aux formations existantes,Effectuer une analyse des lacunes,Consultation & Écoute,MOYEN,Analyse des lacunes implique consultation,Identifier les lacunes via analyse et consultation,,,,,,,oui,non démarré
CA-MOB-OS1-a,Champ d'action : Mobilisation des connaissances,Soutenir et faciliter l'échange intersectoriel de connaissances et promouvoir les collaborations,Établir des réunions interdisciplinaires régulières,Concertation & Maillage,CLAIR,Réunions interdisciplinaires = maillage,,keep,C3-3,Communautés de pratique et réseaux collaboratifs,Maillage entre chercheurs et apprentissage entre pairs via des communautés de pratique.,,,oui,non démarré
CA-MOB-OS1-b,Champ d'action : Mobilisation des connaissances,Soutenir et faciliter l'échange intersectoriel de connaissances et promouvoir les collaborations,Identifier les expertises des différents membres et les présenter sur le site du RSN,Répertoires & Cartographie,CLAIR,Identifier expertises = répertoire,,,R1,"Répertoire des expertises, actifs et infrastructures RSN","Bottin unifié des personnes, expertises, plateformes, actifs numériques et infrastructures du RSN, avec vue géographique.",,,oui,en cours
CA-MOB-OS1-c,Champ d'action : Mobilisation des connaissances,Soutenir et faciliter l'échange intersectoriel de connaissances et promouvoir les collaborations,Identifier les communautés existantes et identifier les gaps,Répertoires & Cartographie,CLAIR,Identifier communautés = cartographie,,keep,R3,Répertoire des outils et ressources thématiques,"Inventaire des outils, méthodes et ressources existants par thématique de recherche en santé numérique.",Cartographier les communautés de pratique existantes — livrable = cartographie des CdP.,,oui,non démarré
CA-MOB-OS1-d,Champ d'action : Mobilisation des connaissances,Soutenir et faciliter l'échange intersectoriel de connaissances et promouvoir les collaborations,Préciser le public et l'objectif précis en matière de mobilisation des connaissances,Consultation & Écoute,MOYEN,Préciser le public = réflexion interne,Définir le public cible via réflexion stratégique,,,,,,,oui,non démarré
CA-MOB-OS2-a,Champ d'action : Mobilisation des connaissances,Améliorer l'accessibilité et l'utilisation de la recherche en santé numérique,Élaborer des résumés conviviaux des connaissances et articles,Événements & Rayonnement,CLAIR,Résumés conviviaux = guides/outils,,,,,,"Produire des résumés pour diffusion = rayonnement, pas production de guides méthodologiques.",,oui,non démarré
CA-MOB-OS2-b,Champ d'action : Mobilisation des connaissances,Améliorer l'accessibilité et l'utilisation de la recherche en santé numérique,Identifier les besoins des groupes cibles en matière d'accès et utilisation des connaissances,Consultation & Écoute,CLAIR,Identifier les besoins = consultation,,,,,,,,oui,en cours
CA-MOB-OS2-c,Champ d'action : Mobilisation des connaissances,Améliorer l'accessibilité et l'utilisation de la recherche en santé numérique,Collaborer activement avec les axes et le comité étudiant,Concertation & Maillage,CLAIR,'Collaborer activement' est très flou,À CLARIFIER: Quelles actions concrètes?,rewrite,C3-1,Tables de concertation thématiques,Espaces de discussion inter-groupes au sein du RSN autour de thèmes spécifiques.,,oui,non démarré
CA-MOB-OS2-d,Champ d'action : Mobilisation des connaissances,Améliorer l'accessibilité et l'utilisation de la recherche en santé numérique,Porter attention au problème de disponibilité et de biais pour les données populations marginalisées,Guides & Outils,FAIBLE,'Porter attention' n'est pas une action,À CLARIFIER: Quel livrable concernant les biais?,,,,,Intention valide mais trop vague comme action. À transformer en guide concret.,,oui,non démarré
CA-MOB-OS3-a,Champ d'action : Mobilisation des connaissances,Renforcer l'engagement citoyen et la littératie numérique en santé par la diffusion accessible des connaissances et des pratiques fondées sur des données probantes,Accéder aux revues de littérature existantes et les compiler au besoin,Répertoires & Cartographie,CLAIR,Compiler revues = répertoire,,,R3,Répertoire des outils et ressources thématiques,"Inventaire des outils, méthodes et ressources existants par thématique transversale (EDIA, engagement citoyen, science ouverte, etc.).",Compilation des revues de littérature existantes comme ressources de référence.,,oui,non démarré
CA-MOB-OS3-b,Champ d'action : Mobilisation des connaissances,Renforcer l'engagement citoyen et la littératie numérique en santé par la diffusion accessible des connaissances et des pratiques fondées sur des données probantes,Développer un bulletin d'informations régulier pour le partage des résultats de recherche,Événements & Rayonnement,CLAIR,Bulletin d'informations = outil,,,,,,"Un bulletin = outil de communication et de rayonnement, pas un guide.",,oui,non démarré
CA-MOB-OS3-c,Champ d'action : Mobilisation des connaissances,Renforcer l'engagement citoyen et la littératie numérique en santé par la diffusion accessible des connaissances et des pratiques fondées sur des données probantes,Identifier les besoins des groupes cibles en matière d'accès et utilisation des connaissances,Consultation & Écoute,CLAIR,Identifier besoins = consultation,,,,,,,,oui,non démarré
CA-RENF-OS1-a,Champ d'action : Renforcement des capacités,Consolider les compétences de l'ensemble des chercheur(e)s,Développer des communautés de pratique,Concertation & Maillage,CLAIR,Communautés de pratique = maillage,,keep,C3-3,Communautés de pratique et réseaux collaboratifs,Maillage entre chercheurs et apprentissage entre pairs via des communautés de pratique.,,,oui,non démarré
CA-RENF-OS1-b,Champ d'action : Renforcement des capacités,Consolider les compétences de l'ensemble des chercheur(e)s,"Créer des réseaux d'apprentissages collaboratifs pour partager les défis, expériences et solutions rencontrés dans les projets",Concertation & Maillage,CLAIR,Réseaux collaboratifs = maillage,,keep,C3-3,Communautés de pratique et réseaux collaboratifs,Maillage entre chercheurs et apprentissage entre pairs via des communautés de pratique.,,,oui,non démarré
CA-RENF-OS2-a,Champ d'action : Renforcement des capacités,Assurer la cohérence des solutions existantes et nouvelles entre les axes et optimiser les solutions communes pour la recherche collaborative de bout en bout (end-to-end),"Assurer la réalisation des cartographies des assets critiques aux axes (des plateformes, des actifs et des capacités existantes) pour mieux identifier les complémentarités, les synergies potentielles et les opportunités d'amélioration",Répertoires & Cartographie,CLAIR,Cartographies des assets = répertoire,,,R1,"Répertoire des expertises, actifs et infrastructures RSN","Bottin unifié des personnes, expertises, plateformes, actifs numériques et infrastructures du RSN, avec vue géographique.",,,oui,en cours
CA-RENF-OS3-a,Champ d'action : Renforcement des capacités,Outiller les chercheur(e)s pour mesurer adéquatement l'impact de leurs activités en termes de capacité,Mettre en place un comité de suivi chargé d'évaluer les progrès réalisés et de suivre les impacts des initiatives entreprises,Concertation & Maillage,MOYEN,Comité de suivi = structure interne,Mettre en place un comité de suivi d'impact,keep,C3-2,Comités et structures participatives,Création de comités spécifiques au sein du RSN pour la gouvernance participative.,,,oui,non démarré
CA-RENF-OS3-b,Champ d'action : Renforcement des capacités,Outiller les chercheur(e)s pour mesurer adéquatement l'impact de leurs activités en termes de capacité,"Revoir les critères et cadres existants, et définir ce qu'il est nécessaire de suivre et comment le faire",Guides & Outils,MOYEN,Définir critères = guide,Produire un guide des critères de suivi,keep,G3,Grilles de référence par principe directeur,"Pour chaque principe directeur, produire UNE grille de référence couvrant à la fois les critères d'intégration dans les projets ET les indicateurs de mesure d'impact.",Cadre général et méthodologique — devient la base commune des grilles de référence.,,oui,non démarré
PD-ENG-OS1-a,Principe directeur : Engagement citoyen,Promouvoir le dialogue et l'engagement de la patientèle et du public autour des interventions en santé numérique,"Travailler en partenariat avec des organisations et communautés clés (CEPPP, Communauté expérience, Communauté expérience et partenariat des soins et de services) comme leviers pour les actions du principe fondateur et de ses membres (du co-développement à la communication)",Concertation & Maillage,CLAIR,Partenariat avec organisations = maillage,,keep,C3-4,Partenariats externes et maillage inter-sectoriel,"Liens avec des organisations, experts et milieux preneurs hors RSN.",,,oui,non démarré
PD-ENG-OS1-b,Principe directeur : Engagement citoyen,Promouvoir le dialogue et l'engagement de la patientèle et du public autour des interventions en santé numérique,Recenser et analyser les attentes et les besoins de la patientèle et du public en santé numérique au travers de différents types de consultation et d'implication,Consultation & Écoute,CLAIR,Recenser besoins = consultation,,,,,,,,oui,non démarré
PD-ENG-OS1-c,Principe directeur : Engagement citoyen,Promouvoir le dialogue et l'engagement de la patientèle et du public autour des interventions en santé numérique,"Recenser et identifier les meilleurs outils, méthodes et pratiques de dialogue et de partenariat pour promouvoir le rapprochement et les échanges entre la communauté de recherche et de la patientèle et du public en santé numérique",Répertoires & Cartographie,CLAIR,Recenser outils et méthodes = répertoire,,,R3,Répertoire des outils et ressources thématiques,"Inventaire des outils, méthodes et ressources existants par thématique transversale (EDIA, engagement citoyen, science ouverte, etc.).",,,oui,en cours
PD-ENG-OS2-a,Principe directeur : Engagement citoyen,Favoriser la co-construction de projets en santé numérique avec la patientèle et le public,"Favoriser l'intégration des concepts et méthodes de co-construction et de partenariat dans les interventions numériques provinciales en cours de réalisation, telles que le Dossier santé numérique (et son volet portail patient My Chart)",Influence & Représentation,MOYEN,"Favoriser intégration = influence, mais flou",Promouvoir l'intégration dans le DSN et MyChart,,,,,,,oui,non démarré
PD-ENG-OS2-b,Principe directeur : Engagement citoyen,Favoriser la co-construction de projets en santé numérique avec la patientèle et le public,Former un comité patientèle et public au sein du RSN qui se fixerait des objectifs à court terme (ex. intégrer un axe Santé numérique dans le Programme national de santé publique pour une santé plus connectée inclusive et innovante),Concertation & Maillage,CLAIR,Former un comité = concertation,,keep,C3-2,Comités et structures participatives,Création de comités spécifiques au sein du RSN pour la gouvernance participative.,,,oui,terminé
PD-ENG-OS3-a,Principe directeur : Engagement citoyen,Favoriser l'accessibilité de la patientèle et du public aux connaissances et interventions en santé numérique,"Définir les modalités d'engagement et de partage des connaissances (symposium, journée scientifique, feuille de route, etc.) pour le développement des interventions en santé numérique",Guides & Outils,MOYEN,"Définir modalités = guide, mais flou",Produire un guide des modalités d'engagement,rewrite,G2,Lexique RSN — Définitions communes,Établir une définition partagée pour chacun des principes directeurs du RSN. Tous les principes devraient être représentés.,"L'action porte sur des modalités organisationnelles, pas sur la définition du principe. À reformuler : « Établir une définition commune de l'Engagement citoyen pour le RSN ».",,oui,non démarré
PD-ENG-OS3-b,Principe directeur : Engagement citoyen,Favoriser l'accessibilité de la patientèle et du public aux connaissances et interventions en santé numérique,Développer ou promouvoir des balados et webinaires pour partager les résultats scientifiques et les bénéfices du partenariat en s'appuyant sur la vision et contribution de la patientèle et du public,Événements & Rayonnement,CLAIR,Balados et webinaires = événements,,,,,,,,oui,non démarré
PD-ENG-OS3-c,Principe directeur : Engagement citoyen,Favoriser l'accessibilité de la patientèle et du public aux connaissances et interventions en santé numérique,Soutenir la communauté de recherche dans l'organisation de conférences accessibles à la patientèle et au public pour favoriser le dialogue et l'engagement,Événements & Rayonnement,MOYEN,'Soutenir l'organisation' est flou,Organiser des conférences accessibles au public,,,,,,,oui,en cours
PD-ENG-OS3-d,Principe directeur : Engagement citoyen,Favoriser l'accessibilité de la patientèle et du public aux connaissances et interventions en santé numérique,"Considérer pour ces actions les spécificités du Québec, ce qui s'applique et ce qui ne s'applique pas",Consultation & Écoute,FAIBLE,'Considérer' n'est pas une action,À CLARIFIER: Quel livrable sur les spécificités QC?,,,,,,,oui,non démarré
PD-CONF-OS1-a,Principe directeur : Numérique de confiance,Intégrer une vision partagée du numérique de confiance dans les axes et les actions du RSN,Organiser des rencontres transversales avec les axes et les principes du RSN pour définir une définition partagée du numérique de confiance,Concertation & Maillage,CLAIR,Rencontres transversales = concertation,,keep,C3-1,Tables de concertation thématiques,Espaces de discussion inter-groupes au sein du RSN autour de thèmes spécifiques.,,,oui,en cours
PD-CONF-OS1-b,Principe directeur : Numérique de confiance,Intégrer une vision partagée du numérique de confiance dans les axes et les actions du RSN,Identifier les attentes spécifiques par axe ou champ d'action lors de rencontres bilatérales,Consultation & Écoute,CLAIR,Identifier attentes = consultation,,,,,,,,oui,en cours
PD-CONF-OS1-c,Principe directeur : Numérique de confiance,Intégrer une vision partagée du numérique de confiance dans les axes et les actions du RSN,Produire une première ébauche de la définition sous forme de fiche ou infographie à valider collectivement,Guides & Outils,CLAIR,Fiche ou infographie = guide,,keep,G2,Lexique RSN — Définitions communes,Établir une définition partagée pour chacun des principes directeurs du RSN. Tous les principes devraient être représentés.,,,oui,en cours
PD-CONF-OS2-a1,Principe directeur : Numérique de confiance,Renforcer la compréhension des perspectives citoyennes et usagères dans la conception des projets,"Cartographier les organisations et instances clés en numérique de confiance (CEPPP, FRQ, etc.)",Répertoires & Cartographie,CLAIR,Cartographier organisations = répertoire,,rewrite,R1,"Répertoire des expertises, actifs et infrastructures RSN","Bottin unifié des personnes, expertises, plateformes, actifs numériques et infrastructures du RSN, avec vue géographique.",Séparé de PD-CONF-OS2-a — volet organisations/entités pour R1. À reformuler pour préciser quelles organisations sont visées.,,oui,non démarré
PD-CONF-OS2-a2,Principe directeur : Numérique de confiance,Renforcer la compréhension des perspectives citoyennes et usagères dans la conception des projets,Recenser les patients partenaires et groupes citoyens impliqués en numérique de confiance,Consultation & Écoute,CLAIR,Recenser parties prenantes citoyennes = consultation,,rewrite,,,,Déplacé vers Consultation & Écoute — recenser les patients/citoyens en vue de les consulter. Cohérent avec PD-CONF-OS2-b (groupes de discussion) et OS2-c (comités patients) déjà dans ce chantier.,,oui,non démarré
PD-CONF-OS2-b,Principe directeur : Numérique de confiance,Renforcer la compréhension des perspectives citoyennes et usagères dans la conception des projets,Organiser des groupes de discussion citoyens pour coconstruire des critères de confiance,Consultation & Écoute,CLAIR,Groupes de discussion = consultation,,,,,,,,oui,non démarré
PD-CONF-OS2-c,Principe directeur : Numérique de confiance,Renforcer la compréhension des perspectives citoyennes et usagères dans la conception des projets,Mobiliser les comités de patients partenaires avant de lancer une consultation citoyenne plus large,Consultation & Écoute,CLAIR,Mobiliser comités patients = consultation,,,,,,,,oui,non démarré
PD-CONF-OS3-a,Principe directeur : Numérique de confiance,"Favoriser des normes et pratiques partagées autour de la transparence, la sécurité, l'éthique, l'éco-responsabilité et la réciprocité","Développer une feuille de route de critères de confiance à appliquer dans les projets (sécurité, éthique, validité, UX)",Guides & Outils,CLAIR,Feuille de route = guide,,rewrite,G3,Grilles de référence par principe directeur,"Pour chaque principe directeur, produire UNE grille de référence couvrant à la fois les critères d'intégration dans les projets ET les indicateurs de mesure d'impact.","À reformuler : « Développer une grille de référence Numérique de confiance — critères d'intégration dans les projets et indicateurs d'évaluation de l'impact ». Seule grille existante, modèle pour les autres.",,oui,non démarré
PD-CONF-OS3-b,Principe directeur : Numérique de confiance,"Favoriser des normes et pratiques partagées autour de la transparence, la sécurité, l'éthique, l'éco-responsabilité et la réciprocité",Déployer cette feuille de route dans différents projets pilotes issus des axes du RSN,Guides & Outils,MOYEN,Déployer dans projets = accompagnement,,keep,G3,Grilles de référence par principe directeur,"Pour chaque principe directeur, produire UNE grille de référence couvrant l'ensemble des engagements RSN.",À fusionner avec PD-CONF-OS3-a — le déploiement de la feuille de route fait partie du même projet que sa création.,,oui,non démarré
PD-CONF-OS3-c,Principe directeur : Numérique de confiance,"Favoriser des normes et pratiques partagées autour de la transparence, la sécurité, l'éthique, l'éco-responsabilité et la réciprocité","Faire connaître ces outils aux parties prenantes concernées : chercheurs, porteurs de projets, comités d'éthique",Événements & Rayonnement,MOYEN,Faire connaître = diffusion,Organiser des sessions de présentation,,,,,,,oui,non démarré
PD-DUR-OS1-a,Principe directeur : Santé durable,Former et sensibiliser les membres du réseau et les parties prenantes sur la santé numérique durable,Effectuer une revue de la littérature nationale et internationale pour investiguer les concepts et les interventions à l'intersection de la santé durable et de la santé numérique,Répertoires & Cartographie,CLAIR,Revue de littérature = recensement d'outils/interventions,,rewrite,R3,Répertoire des outils et ressources thématiques,"Inventaire des outils, méthodes et ressources existants par thématique transversale (EDIA, engagement citoyen, science ouverte, etc.).","À reformuler pour expliciter le livrable : recenser les outils, méthodes et interventions à l'intersection santé durable × numérique pour alimenter R3.",,oui,en cours
PD-DUR-OS1-b,Principe directeur : Santé durable,Former et sensibiliser les membres du réseau et les parties prenantes sur la santé numérique durable,Proposer une définition commune de la santé durable dans un contexte de santé numérique pour le RSN (lexique commun ou une cartographie des concepts clés),Guides & Outils,CLAIR,Définition/lexique = guide,,keep,G2,Lexique RSN — Définitions communes,Établir une définition partagée pour chacun des principes directeurs du RSN. Tous les principes devraient être représentés.,,,oui,en cours
PD-DUR-OS1-c,Principe directeur : Santé durable,Former et sensibiliser les membres du réseau et les parties prenantes sur la santé numérique durable,Organiser une réflexion stratégique sur les données et la santé durable en communication avec les autres acteurs du RSN : quelles données et quelles interventions prioriser au service de la santé durable ?,Concertation & Maillage,CLAIR,Réflexion stratégique = concertation,,keep,C3-1,Tables de concertation thématiques,Espaces de discussion inter-groupes au sein du RSN autour de thèmes spécifiques.,,,oui,non démarré
PD-DUR-OS2-a,Principe directeur : Santé durable,Structurer les partenariats et identifier les ressources pour soutenir les projets porteurs en santé durable,"Identifier et cartographier les partenariats potentiels (ex. milieux ruraux, communautaires, autochtones, municipalités) et définir des rôles potentiels de chacun",Concertation & Maillage,CLAIR,Identifier partenaires externes = maillage,,keep,C3-4,Partenariats externes et maillage inter-sectoriel,"Liens avec des organisations, experts et milieux preneurs hors RSN.","Déplacé de Répertoires vers Concertation & Maillage — identifier et structurer des partenariats externes est du maillage, pas une cartographie d'actifs RSN.",,oui,non démarré
PD-DUR-OS2-b,Principe directeur : Santé durable,Structurer les partenariats et identifier les ressources pour soutenir les projets porteurs en santé durable,Solliciter (afin d'identifier) les citoyens et citoyennes prêts à contribuer à travers différents types de données pour développer des projets et des outils,Consultation & Écoute,CLAIR,Solliciter citoyens = consultation,,,,,,,,oui,non démarré
PD-DUR-OS2-c,Principe directeur : Santé durable,Structurer les partenariats et identifier les ressources pour soutenir les projets porteurs en santé durable,Commencer à identifier des projets dans les autres axes du RSN à fort impact en santé durable à soutenir,Concertation & Maillage,MOYEN,Identifier projets inter-axes = maillage interne,Créer un inventaire des projets à fort impact,keep,C3-1,Tables de concertation thématiques,Espaces de discussion inter-groupes au sein du RSN autour de thèmes spécifiques.,Déplacé de Répertoires vers Concertation & Maillage — coordination inter-axes via concertation thématique.,,oui,non démarré
PD-DUR-OS2-d,Principe directeur : Santé durable,Structurer les partenariats et identifier les ressources pour soutenir les projets porteurs en santé durable,Identifier les chercheurs-euses ayant une expertise en santé géographique et en géomatique à impliquer au principe fondateur pour accroître la capacité du RSN à soutenir les projets en lien avec des municipalités,Répertoires & Cartographie,CLAIR,Identifier chercheurs = répertoire,,,R1,"Répertoire des expertises, actifs et infrastructures RSN","Bottin unifié des personnes, expertises, plateformes, actifs numériques et infrastructures du RSN, avec vue géographique.",,,oui,non démarré
PD-DUR-OS3-a,Principe directeur : Santé durable,Formuler des recommandations pour assurer la santé numérique durable au Québec,"Élaborer un énoncé politique ou manifeste de l'axe santé durable en collaboration avec l'axe 1 et visant l'intégration des données plurielles et l'accès pour la recherche (en lien avec auto-gestion, prévention, promotion de la santé)",Influence & Représentation,CLAIR,Énoncé politique = influence,,,,,,,,oui,non démarré
PD-DUR-OS3-b,Principe directeur : Santé durable,Formuler des recommandations pour assurer la santé numérique durable au Québec,Organiser un atelier de réflexion autour de l'IA et son impact en matière de durabilité,Événements & Rayonnement,CLAIR,Atelier de réflexion = événement,,,,,,,,oui,non démarré
PD-SCI-OS1-a,Principe directeur : Science ouverte,Favoriser la mise en place d'un référentiel commun et accessible pour la science ouverte,"Élaborer un sondage auprès des membres du Réseau pour identifier leurs pratiques de partage des données et connaissances, ainsi que leurs besoins",Consultation & Écoute,CLAIR,Sondage = consultation,,,,,,,,oui,en cours
PD-SCI-OS1-b,Principe directeur : Science ouverte,Favoriser la mise en place d'un référentiel commun et accessible pour la science ouverte,"Réaliser une veille des initiatives existantes internationales et nationales, à la fois les énoncés de principes (UNESCO, NASA Open Science, Tri-Council,) et les outils (Zenodo, Software Heritage, etc.) en science ouverte",Répertoires & Cartographie,CLAIR,Veille des initiatives = répertoire,,,R3,Répertoire des outils et ressources thématiques,"Inventaire des outils, méthodes et ressources existants par thématique transversale (EDIA, engagement citoyen, science ouverte, etc.).",Veille internationale — énoncés de principes et outils en science ouverte.,,oui,non démarré
PD-SCI-OS1-c,Principe directeur : Science ouverte,Favoriser la mise en place d'un référentiel commun et accessible pour la science ouverte,Regarder les initiatives au Québec en particulier (spécificités de ces pratiques dans le cadre juridique et éthique et enseignements tirés),Répertoires & Cartographie,CLAIR,Initiatives QC = répertoire,,,R3,Répertoire des outils et ressources thématiques,"Inventaire des outils, méthodes et ressources existants par thématique transversale (EDIA, engagement citoyen, science ouverte, etc.).",Volet québécois de la veille — spécificités juridiques et éthiques.,,oui,non démarré
PD-SCI-OS2-a,Principe directeur : Science ouverte,Améliorer l'accessibilité et l'utilisation de la recherche en santé numérique,Créer un espace GitHub RSN avec un modèle de gouvernance et le diffuser dans la communauté,Guides & Outils,CLAIR,Espace GitHub = outil,,keep,G4,Infrastructure Science ouverte,Mettre en place les espaces et outils partagés pour la science ouverte — transversale à tous les projets RSN.,Clair et bien placé ici.,,oui,en cours
PD-SCI-OS2-b,Principe directeur : Science ouverte,Améliorer l'accessibilité et l'utilisation de la recherche en santé numérique,"Partager des packages R et Python, par exemple, avec la communauté",Guides & Outils,CLAIR,Packages R/Python = outils,,rewrite,G4,Infrastructure Science ouverte,Mettre en place les espaces et outils partagés pour la science ouverte — transversale à tous les projets RSN.,"Action trop vague comme infrastructure. À reformuler en guide pratique : « Produire un guide de partage de code et packages (R, Python) dans une logique de science ouverte ».",,oui,non démarré
PD-SCI-OS2-c,Principe directeur : Science ouverte,Améliorer l'accessibilité et l'utilisation de la recherche en santé numérique,Proposer des formations pratiques sur des outils comme le rmarkdown et quarto pour la documentation des données,Formation & Relève,CLAIR,Formations pratiques = formation,,,,,,,,oui,non démarré
PD-SCI-OS3-a,Principe directeur : Science ouverte,Promouvoir une culture de la science ouverte au sein du réseau et à l'externe,"Développer des connaissances accessibles pour les chercheurs et chercheuses sur ce qu'est la science ouverte et comment s'y prendre concrètement (capsules, guides)",Guides & Outils,CLAIR,Capsules et guides = guides,,move,G4,Infrastructure Science ouverte,Mettre en place les espaces et outils partagés pour la science ouverte — transversale à tous les projets RSN.,Double appartenance : appartient aussi à Événements & Rayonnement (capsules = rayonnement). À conserver ici ET dupliquer dans ce chantier.,,oui,en cours
PD-SCI-OS3-b,Principe directeur : Science ouverte,Promouvoir une culture de la science ouverte au sein du réseau et à l'externe,"Organiser un événement annuel « Journée science ouverte » au RSN (partage d'expériences, démos)",Événements & Rayonnement,CLAIR,Journée annuelle = événement,,,,,,,,oui,non démarré
PD-EDIA-OS1-a,Principe directeur : EDIA,Favoriser une culture inclusive et respectueuse,Élaborer un formulaire d'auto-identification pour le RSN,Consultation & Écoute,CLAIR,Formulaire = outil,,,,,,Ce n'est pas de l'évaluation — c'est un outil de collecte de données / consultation. Appartient à Consultation & Écoute.,,oui,en cours
PD-EDIA-OS1-b,Principe directeur : EDIA,Favoriser une culture inclusive et respectueuse,Établir une définition commune de l'EDIA pour le RSN,Guides & Outils,CLAIR,Définition commune = guide,,keep,G2,Lexique RSN — Définitions communes,Établir une définition partagée pour chacun des principes directeurs du RSN. Tous les principes devraient être représentés.,,,oui,non démarré
PD-EDIA-OS1-c,Principe directeur : EDIA,Favoriser une culture inclusive et respectueuse,"Mettre en évidence les bénéfices concrets de l'EDIA (p. ex. dans l'enseignement, les pratiques de gouvernance, l'accueil des populations vulnérables)",Guides & Outils,MOYEN,Mettre en évidence = flou sur format,Produire un document sur les bénéfices de l'EDIA,rewrite,G3,Grilles de référence par principe directeur,"Pour chaque principe directeur, produire UNE grille de référence couvrant à la fois les critères d'intégration dans les projets ET les indicateurs de mesure d'impact.",À reformuler en indicateurs d'impact EDIA : « Développer des indicateurs et exemples concrets pour mesurer et démontrer l'impact de l'EDIA dans les projets RSN ».,,oui,non démarré
PD-EDIA-OS1-d,Principe directeur : EDIA,Favoriser une culture inclusive et respectueuse,"Recenser les outils et ressources disponibles (notamment via les centres SSA, CEPPP, etc.)",Répertoires & Cartographie,CLAIR,Recenser outils = répertoire,,,R3,Répertoire des outils et ressources thématiques,"Inventaire des outils, méthodes et ressources existants par thématique transversale (EDIA, engagement citoyen, science ouverte, etc.).",,,oui,non démarré
PD-EDIA-OS2-a,Principe directeur : EDIA,Assurer l'équité dans le processus de dotation des organisations,Sensibiliser les membres du réseau à l'importance d'un recrutement et d'une formation équitables,Événements & Rayonnement,MOYEN,Sensibiliser = événement ou guide,Organiser des sessions de sensibilisation,,,,,,,oui,non démarré
PD-EDIA-OS2-b,Principe directeur : EDIA,Assurer l'équité dans le processus de dotation des organisations,Développer ou adapter un outil d'évaluation EDIA des processus organisationnels (avec une dimension recrutement),Guides & Outils,CLAIR,Outil d'évaluation = guide,,keep,G3,Grilles de référence par principe directeur,"Pour chaque principe directeur, produire UNE grille de référence couvrant à la fois les critères d'intégration dans les projets ET les indicateurs de mesure d'impact.",Contribue à la grille EDIA — dimension évaluation des processus.,,oui,non démarré
PD-EDIA-OS2-c,Principe directeur : EDIA,Assurer l'équité dans le processus de dotation des organisations,"Inclure des critères EDIA dans les procédures d'évaluation existantes, notamment en ce qui concerne les rapports de performance des axes",Influence & Représentation,MOYEN,Inclure critères = influence interne,Intégrer des critères EDIA dans les procédures,,,,,,,oui,non démarré
PD-EDIA-OS3-a,Principe directeur : EDIA,Encourager la diversité des approches de recherche et de méthodologies,Mettre en évidence les bénéfices de l'intégration de l'EDIA dans la recherche (démonstration par l'exemple),Guides & Outils,MOYEN,Démonstration = études de cas,Produire des études de cas EDIA,rewrite,G3,Grilles de référence par principe directeur,"Pour chaque principe directeur, produire UNE grille de référence couvrant à la fois les critères d'intégration dans les projets ET les indicateurs de mesure d'impact.",Même logique que PD-EDIA-OS1-c. À reformuler en mesure d'impact démonstrative et reproductible — contribue à la grille EDIA.,,oui,non démarré
PD-EDIA-OS3-b,Principe directeur : EDIA,Encourager la diversité des approches de recherche et de méthodologies,Prévoir l'observation et l'évaluation à court terme de l'EDIA dès la conception des projets,Guides & Outils,MOYEN,Prévoir observation = cadre,Développer un cadre d'évaluation EDIA,keep,G3,Grilles de référence par principe directeur,"Pour chaque principe directeur, produire UNE grille de référence couvrant à la fois les critères d'intégration dans les projets ET les indicateurs de mesure d'impact.",Contribue à la grille EDIA — dimension intégration dès la conception.,,oui,non démarré
GAP-DEF-SCI,Principe directeur : Science ouverte,—,Définition commune de la Science ouverte pour le RSN,Guides & Outils,,,,gap,G2,Lexique RSN — Définitions communes,Établir une définition partagée pour chacun des principes directeurs du RSN.,Absent du fichier source. Tous les principes directeurs devraient avoir une définition dans ce projet — Science ouverte manque.,,non,non démarré
GAP-GR-SCI,Principe directeur : Science ouverte,—,Développer une grille de référence Science ouverte — critères et indicateurs,Guides & Outils,,,,gap,G3,Grilles de référence par principe directeur,"Pour chaque principe directeur, produire UNE grille de référence.",À créer sur le modèle de la grille Numérique de confiance.,,non,non démarré
GAP-GR-DUR,Principe directeur : Santé durable,—,Développer une grille de référence Santé durable — critères et indicateurs,Guides & Outils,,,,gap,G3,Grilles de référence par principe directeur,"Pour chaque principe directeur, produire UNE grille de référence.",À créer sur le modèle de la grille Numérique de confiance.,,non,non démarré
GAP-GR-ENG,Principe directeur : Engagement citoyen,—,Développer une grille de référence Engagement citoyen — critères et indicateurs,Guides & Outils,,,,gap,G3,Grilles de référence par principe directeur,"Pour chaque principe directeur, produire UNE grille de référence.",À créer sur le modèle de la grille Numérique de confiance.,,non,non démarré
GAP-GOV-TYPES,Axe 1 : Plateformes numériques et gouvernance,—,Identifier et documenter les types de gouvernance manquants et produire les guides associés,Guides & Outils,,,,gap,G5,Guides de gouvernance,Produire des guides et cadres de référence sur les différents types de gouvernance pertinents pour le RSN.,Question ouverte : quels types de gouvernance manque-t-il à ce projet ?,,non,non démarré
EXT-HACK-2025,Axe 2 / Formation interdisciplinaire,—,Organisation du Hackathon en santé numérique 2025,Événements & Rayonnement,CLAIR,Projet externe réalisé par l'Axe 2,,keep,P-HACK,Hackathon santé numérique 2025,"Organisation et tenue du hackathon en santé numérique, événement phare de l'Axe 2.",Projet externe — non lié à un objectif stratégique spécifique.,,non,terminé
EXT-COLLOQ,Axe 2 : Modélisation et méthodes numériques,—,Organisation du colloque sur les méthodes quantitatives en santé,Événements & Rayonnement,CLAIR,Projet externe réalisé par l'Axe 2,,keep,P-COLLOQ,Colloque méthodes quantitatives,Organisation du colloque sur les méthodes quantitatives en santé.,Projet externe — non lié à un objectif stratégique spécifique.,,non,terminé
EXT-MATHSANTE,Axe 2 / Formation interdisciplinaire,—,Participation au semestre thématique mathématiques et santé,Formation & Relève,CLAIR,Projet externe porté par l'Axe 2,,keep,P-MATHSANTE,Semestre thématique math-santé,Participation au semestre thématique sur les mathématiques appliquées à la santé.,Projet externe — non lié à un objectif stratégique spécifique.,,non,en cours
EXT-FONCER,Axe 2 / Formation interdisciplinaire,—,Participation au programme FONCER-Biostat,Formation & Relève,CLAIR,Projet externe porté par l'Axe 2,,keep,P-FONCER,FONCER-Biostat,Participation au programme de formation FONCER en biostatistique.,Projet externe — non lié à un objectif stratégique spécifique.,,non,en cours
GAP-R2-SCI,Principe directeur : Science ouverte,—,Inventorier les formations existantes en science ouverte,Répertoires & Cartographie,,,,gap,R2,Inventaire des formations en santé numérique,"Inventaire structuré des programmes de formation existants en santé numérique, avec analyse du paysage et des lacunes.","PD Science ouverte absent de R2. Des formations existent (rmarkdown, quarto, etc.) mais ne sont pas inventoriées.",,non,non démarré
GAP-R2-EDIA,Principe directeur : EDIA,—,Inventorier les formations existantes en EDIA,Répertoires & Cartographie,,,,gap,R2,Inventaire des formations en santé numérique,"Inventaire structuré des programmes de formation existants en santé numérique, avec analyse du paysage et des lacunes.",PD EDIA absent de R2. L'offre de formation en EDIA devrait être cartographiée dans l'inventaire.,,non,non démarré
GAP-R3-CONF,Principe directeur : Numérique de confiance,—,"Recenser les outils, cadres et standards existants en confiance numérique",Répertoires & Cartographie,,,,gap,R3,Répertoire des outils et ressources thématiques,"Inventaire des outils, méthodes et ressources existants par thématique transversale (EDIA, engagement citoyen, science ouverte, etc.).","PD Numérique de confiance absent de R3. De nombreux cadres/standards internationaux existent (ISO, NIST, etc.).",,non,non démarré
